Entry;Pos;Label
uncivilised;anypos;hate
gypo;anypos;hate
gypos;anypos;hate
cunt;anypos;hate
cunts;anypos;hate
peckerwood;anypos;hate
peckerwoods;anypos;hate
raghead;anypos;hate
ragheads;anypos;hate
cripple;anypos;hate
cripples;anypos;hate
niggur;anypos;hate
niggurs;anypos;hate
yellow bone;anypos;hate
yellow bones;anypos;hate
muzzie;anypos;hate
muzzies;anypos;hate
niggar;anypos;hate
niggars;anypos;hate
nigger;anypos;hate
niggers;anypos;hate
greaseball;anypos;hate
greaseballs;anypos;hate
white trash;anypos;hate
white trashes;anypos;hate
nig nog;anypos;hate
nig nogs;anypos;hate
faggot;anypos;hate
faggots;anypos;hate
cotton picker;anypos;hate
cotton pickers;anypos;hate
darkie;anypos;hate
darkies;anypos;hate
hoser;anypos;hate
hosers;anypos;hate
Uncle Tom;anypos;hate
Uncle Toms;anypos;hate
Jihadi;anypos;hate
Jihadis;anypos;hate
retard;anypos;hate
retards;anypos;hate
hillbilly;anypos;hate
hillbillies;anypos;hate
fag;anypos;hate
fags;anypos;hate
trailer trash;anypos;hate
trailer trashes;anypos;hate
pikey;anypos;hate
pikies;anypos;hate
nicca;anypos;hate
niccas;anypos;hate
tranny;anypos;hate
trannies;anypos;hate
porch monkey;anypos;hate
porch monkies;anypos;hate
wigger;anypos;hate
wiggers;anypos;hate
wetback;anypos;hate
wetbacks;anypos;hate
nigglet;anypos;hate
nigglets;anypos;hate
wigga;anypos;hate
wiggas;anypos;hate
dhimmi;anypos;hate
dhimmis;anypos;hate
honkey;anypos;hate
honkies;anypos;hate
eurotrash;anypos;hate
eurotrashes;anypos;hate
yardie;anypos;hate
yardies;anypos;hate
trailer park trash;anypos;hate
trailer park trashes;anypos;hate
niggah;anypos;hate
niggahes;anypos;hate
yokel;anypos;hate
yokels;anypos;hate
nigguh;anypos;hate
nigguhes;anypos;hate
camel jockey;anypos;hate
camel jockies;anypos;hate
honkie;anypos;hate
honkies;anypos;hate
niglet;anypos;hate
niglets;anypos;hate
gyppo;anypos;hate
gyppos;anypos;hate
dyke;anypos;hate
dykes;anypos;hate
half breed;anypos;hate
honky;anypos;hate
honkies;anypos;hate
race traitor;anypos;hate
race traitors;anypos;hate
jiggaboo;anypos;hate
jiggaboos;anypos;hate
Chinaman;anypos;hate
Chinamans;anypos;hate
curry muncher;anypos;hate
curry munchers;anypos;hate
jungle bunny;anypos;hate
jungle bunnies;anypos;hate
coon ass;anypos;hate
coon asses;anypos;hate
newfie;anypos;hate
newfies;anypos;hate
house nigger;anypos;hate
house niggers;anypos;hate
limey;anypos;hate
limies;anypos;hate
red bone;anypos;hate
red bones;anypos;hate
guala;anypos;hate
gualas;anypos;hate
plastic paddy;anypos;hate
plastic paddies;anypos;hate
whigger;anypos;hate
whiggers;anypos;hate
jigaboo;anypos;hate
jigaboos;anypos;hate
nig;anypos;hate
nigs;anypos;hate
Zionazi;anypos;hate
Zionazis;anypos;hate
spear chucker;anypos;hate
spear chuckers;anypos;hate
niggress;anypos;hate
niggresses;anypos;hate
yobbo;anypos;hate
yobbos;anypos;hate
border jumper;anypos;hate
border jumpers;anypos;hate
sperg;anypos;hate
spergs;anypos;hate
pommy;anypos;hate
pommies;anypos;hate
munter;anypos;hate
munters;anypos;hate
tar baby;anypos;hate
tar babies;anypos;hate
pommie;anypos;hate
pommies;anypos;hate
gyp;anypos;hate
gyps;anypos;hate
anchor baby;anypos;hate
anchor babies;anypos;hate
twat;anypos;hate
twats;anypos;hate
border hopper;anypos;hate
border hoppers;anypos;hate
queer;anypos;hate
queers;anypos;hate
darky;anypos;hate
darkies;anypos;hate
ching chong;anypos;hate
ching chongs;anypos;hate
khazar;anypos;hate
khazars;anypos;hate
gippo;anypos;hate
gippos;anypos;hate
skanger;anypos;hate
skangers;anypos;hate
beaner;anypos;hate
beaners;anypos;hate
quadroon;anypos;hate
quadroons;anypos;hate
gator bait;anypos;hate
gator baits;anypos;hate
Cushite;anypos;hate
Cushites;anypos;hate
mud shark;anypos;hate
mud sharks;anypos;hate
cracker;anypos;hate
crackers;anypos;hate
dune coon;anypos;hate
dune coons;anypos;hate
pickaninny;anypos;hate
pickaninnies;anypos;hate
slant eye;anypos;hate
slant eyes;anypos;hate
sideways vagina;anypos;hate
sideways vaginas;anypos;hate
hick;anypos;hate
hicks;anypos;hate
camel fucker;anypos;hate
camel fuckers;anypos;hate
redneck;anypos;hate
rednecks;anypos;hate
spiv;anypos;hate
spivs;anypos;hate
zipperhead;anypos;hate
zipperheads;anypos;hate
Kushite;anypos;hate
Kushites;anypos;hate
Shylock;anypos;hate
Shylocks;anypos;hate
gook;anypos;hate
gooks;anypos;hate
papist;anypos;hate
papists;anypos;hate
hymie;anypos;hate
hymies;anypos;hate
wog;anypos;hate
wogs;anypos;hate
scally;anypos;hate
scallies;anypos;hate
coon;anypos;hate
coons;anypos;hate
whitey;anypos;hate
whities;anypos;hate
nigette;anypos;hate
nigettes;anypos;hate
paki;anypos;hate
pakis;anypos;hate
towel head;anypos;hate
towel heads;anypos;hate
Argie;anypos;hate
Argies;anypos;hate
wexican;anypos;hate
wexicans;anypos;hate
jigger;anypos;hate
jiggers;anypos;hate
injun;anypos;hate
injuns;anypos;hate
ocker;anypos;hate
ockers;anypos;hate
polack;anypos;hate
polacks;anypos;hate
moulie;anypos;hate
moulies;anypos;hate
niggor;anypos;hate
niggors;anypos;hate
scanger;anypos;hate
scangers;anypos;hate
ofay;anypos;hate
ofaies;anypos;hate
jigga;anypos;hate
jiggas;anypos;hate
redskin;anypos;hate
redskins;anypos;hate
chonky;anypos;hate
chonkies;anypos;hate
hebro;anypos;hate
hebros;anypos;hate
wop;anypos;hate
wops;anypos;hate
chink;anypos;hate
chinks;anypos;hate
sideways pussy;anypos;hate
sideways pussies;anypos;hate
paleface;anypos;hate
palefaces;anypos;hate
wagon burner;anypos;hate
wagon burners;anypos;hate
nigra;anypos;hate
nigras;anypos;hate
spic;anypos;hate
spics;anypos;hate
spics;anypos;hate
jocky;anypos;hate
jockies;anypos;hate
kraut;anypos;hate
krauts;anypos;hate
steek;anypos;hate
steeks;anypos;hate
coolie;anypos;hate
coolies;anypos;hate
gooky;anypos;hate
gookies;anypos;hate
octaroon;anypos;hate
octaroons;anypos;hate
bint;anypos;hate
bints;anypos;hate
shit heel;anypos;hate
shit heels;anypos;hate
squaw;anypos;hate
squaws;anypos;hate
bog trotter;anypos;hate
bog trotters;anypos;hate
Oriental;anypos;hate
Orientals;anypos;hate
halfrican;anypos;hate
halfricans;anypos;hate
paddy;anypos;hate
paddies;anypos;hate
groid;anypos;hate
groids;anypos;hate
jiggabo;anypos;hate
jiggabos;anypos;hate
jigg;anypos;hate
jiggs;anypos;hate
jant;anypos;hate
jants;anypos;hate
spide;anypos;hate
spides;anypos;hate
camel humper;anypos;hate
camel humpers;anypos;hate
white nigger;anypos;hate
white niggers;anypos;hate
ZOG;anypos;hate
ZOGs;anypos;hate
diaper head;anypos;hate
diaper heads;anypos;hate
heeb;anypos;hate
heebs;anypos;hate
Christ killer;anypos;hate
Christ killers;anypos;hate
piker;anypos;hate
pikers;anypos;hate
higger;anypos;hate
higgers;anypos;hate
lemonhead;anypos;hate
lemonheads;anypos;hate
Hun;anypos;hate
Huns;anypos;hate
popolo;anypos;hate
popolos;anypos;hate
cowboy killer;anypos;hate
cowboy killers;anypos;hate
jhant;anypos;hate
jhants;anypos;hate
eyetie;anypos;hate
eyeties;anypos;hate
mockey;anypos;hate
mockies;anypos;hate
alligator bait;anypos;hate
alligator baits;anypos;hate
Jap;anypos;hate
Japs;anypos;hate
shanty Irish;anypos;hate
shanty Irishes;anypos;hate
redlegs;anypos;hate
mulignan;anypos;hate
mulignans;anypos;hate
jockie;anypos;hate
jockies;anypos;hate
mangia cake;anypos;hate
mangia cakes;anypos;hate
moulinyan;anypos;hate
moulinyans;anypos;hate
nigar;anypos;hate
nigars;anypos;hate
darkey;anypos;hate
darkies;anypos;hate
gurrier;anypos;hate
gurriers;anypos;hate
lubra;anypos;hate
lubras;anypos;hate
Buckwheat;anypos;hate
Buckwheats;anypos;hate
mulato;anypos;hate
mulatos;anypos;hate
prairie nigger;anypos;hate
prairie niggers;anypos;hate
kyke;anypos;hate
kykes;anypos;hate
boonie;anypos;hate
boonies;anypos;hate
mick;anypos;hate
micks;anypos;hate
bluegum;anypos;hate
bluegums;anypos;hate
spigger;anypos;hate
spiggers;anypos;hate
border bunny;anypos;hate
border bunnies;anypos;hate
kike;anypos;hate
kikes;anypos;hate
moulignon;anypos;hate
moulignons;anypos;hate
roundeye;anypos;hate
roundeyes;anypos;hate
ginzo;anypos;hate
ginzos;anypos;hate
Jewbacca;anypos;hate
Jewbaccas;anypos;hate
booner;anypos;hate
booners;anypos;hate
nigre;anypos;hate
nigres;anypos;hate
scallie;anypos;hate
scallies;anypos;hate
niger;anypos;hate
nigers;anypos;hate
dinge;anypos;hate
dinges;anypos;hate
Leb;anypos;hate
Lebs;anypos;hate
Lebbo;anypos;hate
Lebbos;anypos;hate
sambo;anypos;hate
sambos;anypos;hate
Africoon;anypos;hate
Africoons;anypos;hate
ling ling;anypos;hate
ling lings;anypos;hate
gub;anypos;hate
gubs;anypos;hate
banana bender;anypos;hate
banana benders;anypos;hate
japie;anypos;hate
japies;anypos;hate
island nigger;anypos;hate
island niggers;anypos;hate
hairyback;anypos;hate
hairybacks;anypos;hate
lugan;anypos;hate
lugans;anypos;hate
Bog Irish;anypos;hate
Bog Irishes;anypos;hate
blaxican;anypos;hate
blaxicans;anypos;hate
moke;anypos;hate
mokes;anypos;hate
nigor;anypos;hate
nigors;anypos;hate
bix nood;anypos;hate
bix noods;anypos;hate
Kushi;anypos;hate
Kushis;anypos;hate
guala guala;anypos;hate
guala gualas;anypos;hate
hoosier;anypos;hate
hoosiers;anypos;hate
thicklips;anypos;hate
mook;anypos;hate
mooks;anypos;hate
muk;anypos;hate
muks;anypos;hate
soup taker;anypos;hate
soup takers;anypos;hate
senga;anypos;hate
sengas;anypos;hate
Cushi;anypos;hate
Cushis;anypos;hate
pogue;anypos;hate
pogues;anypos;hate
abo;anypos;hate
abos;anypos;hate
ping pang;anypos;hate
ping pangs;anypos;hate
proddy dog;anypos;hate
proddy dogs;anypos;hate
boong;anypos;hate
boongs;anypos;hate
dago;anypos;hate
dagos;anypos;hate
dogun;anypos;hate
doguns;anypos;hate
mocky;anypos;hate
mockies;anypos;hate
poppadom;anypos;hate
poppadoms;anypos;hate
Gwat;anypos;hate
Gwats;anypos;hate
ice nigger;anypos;hate
ice niggers;anypos;hate
spook;anypos;hate
spooks;anypos;hate
Afro-Saxon;anypos;hate
Afro-Saxons;anypos;hate
guido;anypos;hate
guidos;anypos;hate
latrino;anypos;hate
latrinos;anypos;hate
lowlander;anypos;hate
lowlanders;anypos;hate
mockie;anypos;hate
mockies;anypos;hate
moky;anypos;hate
mokies;anypos;hate
mosshead;anypos;hate
mossheads;anypos;hate
African catfish;anypos;hate
African catfishes;anypos;hate
gyppy;anypos;hate
gyppies;anypos;hate
timber nigger;anypos;hate
timber niggers;anypos;hate
Americoon;anypos;hate
Americoons;anypos;hate
camel cowboy;anypos;hate
camel cowboies;anypos;hate
eh hole;anypos;hate
eh holes;anypos;hate
Hunyak;anypos;hate
Hunyaks;anypos;hate
slopehead;anypos;hate
slopeheads;anypos;hate
teabagger;anypos;hate
teabaggers;anypos;hate
Armo;anypos;hate
Armos;anypos;hate
bitch;anypos;hate
bitches;anypos;hate
greaser;anypos;hate
greasers;anypos;hate
Honyock;anypos;hate
Honyocks;anypos;hate
mud person;anypos;hate
mud persons;anypos;hate
pineapple nigger;anypos;hate
pineapple niggers;anypos;hate
retarded;anypos;hate
semihole;anypos;hate
semiholes;anypos;hate
Amo;anypos;hate
Amos;anypos;hate
border nigger;anypos;hate
border niggers;anypos;hate
buckra;anypos;hate
buckras;anypos;hate
burrhead;anypos;hate
burrheads;anypos;hate
cab nigger;anypos;hate
cab niggers;anypos;hate
carpet pilot;anypos;hate
carpet pilots;anypos;hate
pancake face;anypos;hate
pancake faces;anypos;hate
spigotty;anypos;hate
spigotties;anypos;hate
carrot snapper;anypos;hate
carrot snappers;anypos;hate
chili shitter;anypos;hate
chili shitters;anypos;hate
curry slurper;anypos;hate
curry slurpers;anypos;hate
ghetto hamster;anypos;hate
ghetto hamsters;anypos;hate
ice monkey;anypos;hate
ice monkies;anypos;hate
roofucker;anypos;hate
roofuckers;anypos;hate
Velcro head;anypos;hate
Velcro heads;anypos;hate
wiggerette;anypos;hate
wiggerettes;anypos;hate
beach nigger;anypos;hate
beach niggers;anypos;hate
bean dipper;anypos;hate
bean dippers;anypos;hate
bog hopper;anypos;hate
bog hoppers;anypos;hate
Buddhahead;anypos;hate
Buddhaheads;anypos;hate
camel jacker;anypos;hate
camel jackers;anypos;hate
Caublasian;anypos;hate
Caublasians;anypos;hate
cave nigger;anypos;hate
cave niggers;anypos;hate
cow kisser;anypos;hate
cow kissers;anypos;hate
dune nigger;anypos;hate
dune niggers;anypos;hate
four by two;anypos;hate
four by twos;anypos;hate
fresh off the boat;anypos;hate
fresh off the boats;anypos;hate
gin jockey;anypos;hate
gin jockies;anypos;hate
golliwog;anypos;hate
golliwogs;anypos;hate
guinea;anypos;hate
guineas;anypos;hate
Jim Fish;anypos;hate
Jim Fishes;anypos;hate
mackerel snapper;anypos;hate
mackerel snappers;anypos;hate
octroon;anypos;hate
octroons;anypos;hate
pohm;anypos;hate
pohms;anypos;hate
pussy;anypos;hate
pussies;anypos;hate
Russellite;anypos;hate
Russellites;anypos;hate
spice nigger;anypos;hate
spice niggers;anypos;hate
uncivilized;anypos;hate
Whipped;anypos;hate
albino;anypos;hate
albinos;anypos;hate
ape;anypos;hate
apes;anypos;hate
Aunt Jemima;anypos;hate
Aunt Jemimas;anypos;hate
buckethead;anypos;hate
bucketheads;anypos;hate
Chinese wetback;anypos;hate
Chinese wetbacks;anypos;hate
chug;anypos;hate
chugs;anypos;hate
curry stinker;anypos;hate
curry stinkers;anypos;hate
dyke jumper;anypos;hate
dyke jumpers;anypos;hate
eight ball;anypos;hate
eight balls;anypos;hate
gun burglar;anypos;hate
gun burglars;anypos;hate
ikey mo;anypos;hate
ikey mos;anypos;hate
lawn jockey;anypos;hate
lawn jockies;anypos;hate
leprechaun;anypos;hate
leprechauns;anypos;hate
mutt;anypos;hate
mutts;anypos;hate
negro;anypos;hate
negros;anypos;hate
‘negroes’
;anypos;hate
nitchee;anypos;hate
nitchees;anypos;hate
sooty;anypos;hate
sooties;anypos;hate
spick;anypos;hate
spicks;anypos;hate
tinkard;anypos;hate
tinkards;anypos;hate
uncircumcised baboon;anypos;hate
uncircumcised baboons;anypos;hate
zigabo;anypos;hate
zigabos;anypos;hate
abbo;anypos;hate
abbos;anypos;hate
Anglo;anypos;hate
Anglos;anypos;hate
Aunt Jane;anypos;hate
Aunt Janes;anypos;hate
Aunt Mary;anypos;hate
Aunt Maries;anypos;hate
Aunt Sally;anypos;hate
Aunt Sallies;anypos;hate
azn;anypos;hate
azns;anypos;hate
bamboo coon;anypos;hate
bamboo coons;anypos;hate
banana lander;anypos;hate
banana landers;anypos;hate
banjo lips;anypos;hate
bans and cans;anypos;hate
beaner shnitzel;anypos;hate
beaner shnitzels;anypos;hate
beaney;anypos;hate
beanies;anypos;hate
Bengali;anypos;hate
Bengalis;anypos;hate
bhrempti;anypos;hate
bhremptis;anypos;hate
bird;anypos;hate
birds;anypos;hate
bitter clinger;anypos;hate
bitter clingers;anypos;hate
black Barbie;anypos;hate
black Barbies;anypos;hate
black dago;anypos;hate
black dagos;anypos;hate
blockhead;anypos;hate
blockheads;anypos;hate
bog jumper;anypos;hate
bog jumpers;anypos;hate
boon;anypos;hate
boons;anypos;hate
boonga;anypos;hate
boongas;anypos;hate
Bounty bar;anypos;hate
Bounty bars;anypos;hate
boxhead;anypos;hate
boxheads;anypos;hate
brass ankle;anypos;hate
brass ankles;anypos;hate
brownie;anypos;hate
brownies;anypos;hate
buffie;anypos;hate
buffies;anypos;hate
bug eater;anypos;hate
bug eaters;anypos;hate
buk buk;anypos;hate
buk buks;anypos;hate
bumblebee;anypos;hate
bumblebees;anypos;hate
bung;anypos;hate
bungs;anypos;hate
bunga;anypos;hate
bungas;anypos;hate
butterhead;anypos;hate
butterheads;anypos;hate
can eater;anypos;hate
can eaters;anypos;hate
celestial;anypos;hate
celestials;anypos;hate
Charlie;anypos;hate
Charlies;anypos;hate
chee chee;anypos;hate
chee chees;anypos;hate
chi chi;anypos;hate
chi chis;anypos;hate
chigger;anypos;hate
chiggers;anypos;hate
chinig;anypos;hate
chinigs;anypos;hate
chink a billy;anypos;hate
chink a billies;anypos;hate
chunky;anypos;hate
chunkies;anypos;hate
clam;anypos;hate
clams;anypos;hate
clamhead;anypos;hate
clamheads;anypos;hate
colored;anypos;hate
coloured;anypos;hate
crow;anypos;hate
crows;anypos;hate
dego;anypos;hate
degos;anypos;hate
dink;anypos;hate
dinks;anypos;hate
dogan;anypos;hate
dogans;anypos;hate
domes;anypos;hate
dot head;anypos;hate
dot heads;anypos;hate
eggplant;anypos;hate
eggplants;anypos;hate
Fairy;anypos;hate
Fairies;anypos;hate
fez;anypos;hate
fezs;anypos;hate
FOB;anypos;hate
FOBs;anypos;hate
fog nigger;anypos;hate
fog niggers;anypos;hate
fuzzy;anypos;hate
fuzzies;anypos;hate
fuzzy wuzzy;anypos;hate
fuzzy wuzzies;anypos;hate
gable;anypos;hate
gables;anypos;hate
Gerudo;anypos;hate
Gerudos;anypos;hate
gew;anypos;hate
gews;anypos;hate
ghetto;anypos;hate
ghettos;anypos;hate
gipp;anypos;hate
gipps;anypos;hate
gook eye;anypos;hate
gook eyes;anypos;hate
gyppie;anypos;hate
gyppies;anypos;hate
heinie;anypos;hate
heinies;anypos;hate
ho;anypos;hate
hos;anypos;hate
hoe;anypos;hate
hoes;anypos;hate
Honyak;anypos;hate
Honyaks;anypos;hate
Hunkie;anypos;hate
Hunkies;anypos;hate
Hunky;anypos;hate
Hunkies;anypos;hate
Hunyock;anypos;hate
Hunyocks;anypos;hate
ike;anypos;hate
ikes;anypos;hate
ikey;anypos;hate
ikies;anypos;hate
iky;anypos;hate
ikies;anypos;hate
jig;anypos;hate
jigs;anypos;hate
jigarooni;anypos;hate
jigaroonis;anypos;hate
jijjiboo;anypos;hate
jijjiboos;anypos;hate
kotiya;anypos;hate
kotiyas;anypos;hate
mickey;anypos;hate
mickies;anypos;hate
moch;anypos;hate
moches;anypos;hate
mock;anypos;hate
mocks;anypos;hate
mong;anypos;hate
mongs;anypos;hate
monkey;anypos;hate
monkies;anypos;hate
Moor;anypos;hate
Moors;anypos;hate
moss eater;anypos;hate
moss eaters;anypos;hate
moxy;anypos;hate
moxies;anypos;hate
muktuk;anypos;hate
muktuks;anypos;hate
mung;anypos;hate
mungs;anypos;hate
munt;anypos;hate
munts;anypos;hate
ned;anypos;hate
net head;anypos;hate
net heads;anypos;hate
nichi;anypos;hate
nichis;anypos;hate
nichiwa;anypos;hate
nichiwas;anypos;hate
nidge;anypos;hate
nidges;anypos;hate
nip;anypos;hate
nips;anypos;hate
nitchie;anypos;hate
nitchies;anypos;hate
nitchy;anypos;hate
nitchies;anypos;hate
Orangie;anypos;hate
Orangies;anypos;hate
Oreo;anypos;hate
Oreos;anypos;hate
papoose;anypos;hate
papooses;anypos;hate
piky;anypos;hate
pikies;anypos;hate
pinto;anypos;hate
pintos;anypos;hate
pointy head;anypos;hate
pointy heads;anypos;hate
pollo;anypos;hate
pollos;anypos;hate
pom;anypos;hate
poms;anypos;hate
pommie grant;anypos;hate
pommie grants;anypos;hate
Punjab;anypos;hate
Punjabs;anypos;hate
rube;anypos;hate
rubes;anypos;hate
sawney;anypos;hate
sawnies;anypos;hate
scag;anypos;hate
scags;anypos;hate
seppo;anypos;hate
seppos;anypos;hate
septic;anypos;hate
septics;anypos;hate
shant;anypos;hate
shants;anypos;hate
sheeny;anypos;hate
sheenies;anypos;hate
sheepfucker;anypos;hate
sheepfuckers;anypos;hate
Shelta;anypos;hate
Sheltas;anypos;hate
shiner;anypos;hate
shiners;anypos;hate
shit kicker;anypos;hate
shit kickers;anypos;hate
Shy;anypos;hate
Shies;anypos;hate
sideways cooter;anypos;hate
sideways cooters;anypos;hate
skag;anypos;hate
skags;anypos;hate
Skippy;anypos;hate
Skippies;anypos;hate
slag;anypos;hate
slags;anypos;hate
slant;anypos;hate
slants;anypos;hate
slit;anypos;hate
slits;anypos;hate
slope;anypos;hate
slopes;anypos;hate
slopey;anypos;hate
slopies;anypos;hate
slopy;anypos;hate
slopies;anypos;hate
smoke jumper;anypos;hate
smoke jumpers;anypos;hate
smoked Irish;anypos;hate
smoked Irishes;anypos;hate
smoked Irishman;anypos;hate
smoked Irishmans;anypos;hate
sole;anypos;hate
soles;anypos;hate
spickaboo;anypos;hate
spickaboos;anypos;hate
spig;anypos;hate
spigs;anypos;hate
spik;anypos;hate
spiks;anypos;hate
spink;anypos;hate
spinks;anypos;hate
squarehead;anypos;hate
squareheads;anypos;hate
squinty;anypos;hate
squinties;anypos;hate
stovepipe;anypos;hate
stovepipes;anypos;hate
sub human;anypos;hate
sub humans;anypos;hate
sucker fish;anypos;hate
sucker fishes;anypos;hate
Taffy;anypos;hate
Taffies;anypos;hate
teapot;anypos;hate
teapots;anypos;hate
tenker;anypos;hate
tenkers;anypos;hate
tincker;anypos;hate
tinckers;anypos;hate
tinkar;anypos;hate
tinkars;anypos;hate
tinker;anypos;hate
tinkers;anypos;hate
tinkere;anypos;hate
tinkeres;anypos;hate
trash;anypos;hate
trashes;anypos;hate
tree jumper;anypos;hate
tree jumpers;anypos;hate
tunnel digger;anypos;hate
tunnel diggers;anypos;hate
Twinkie;anypos;hate
Twinkies;anypos;hate
tyncar;anypos;hate
tyncars;anypos;hate
tynekere;anypos;hate
tynekeres;anypos;hate
tynkard;anypos;hate
tynkards;anypos;hate
tynkare;anypos;hate
tynkares;anypos;hate
tynker;anypos;hate
tynkers;anypos;hate
tynkere;anypos;hate
tynkeres;anypos;hate
WASP;anypos;hate
WASPs;anypos;hate
Yank;anypos;hate
Yanks;anypos;hate
Yankee;anypos;hate
Yankees;anypos;hate
yellow;anypos;hate
yellows;anypos;hate
yid;anypos;hate
yids;anypos;hate
yob;anypos;hate
yobs;anypos;hate
zebra;anypos;hate
zebras;anypos;hate
zippohead;anypos;hate
zippoheads;anypos;hate
ZOG lover;anypos;hate
ZOG lovers’;anypos;hate
knacker;anypos;hate
knackers;anypos;hate
shyster;anypos;hate
shysters;anypos;hate
bogan;anypos;hate
bogans;anypos;hate
hayseed;anypos;hate
moon cricket;anypos;hate
moon crickets;anypos;hate
mud duck;anypos;hate
mud ducks;anypos;hate
surrender monkey;anypos;hate
surrender monkies;anypos;hate
bludger;anypos;hate
bludgers;anypos;hate
charver;anypos;hate
charvers;anypos;hate
dole bludger;anypos;hate
dole bludgers;anypos;hate
chav;anypos;hate
chavs;anypos;hate
sheister;anypos;hate
sheisters;anypos;hate
charva;anypos;hate
charvas;anypos;hate
touch of the tar brush;anypos;hate
touch of the tar brushes;anypos;hate
Northern monkey;anypos;hate
Northern monkies;anypos;hate
Southern fairy;anypos;hate
Southern fairies;anypos;hate
gubba;anypos;hate
gubbas;anypos;hate
stump jumper;anypos;hate
stump jumpers;anypos;hate
hebe;anypos;hate
hebes;anypos;hate
millie;anypos;hate
millies;anypos;hate
quashie;anypos;hate
quashies;anypos;hate
dingo fucker;anypos;hate
dingo fuckers;anypos;hate
mil bag;anypos;hate
mil bags;anypos;hate
conspiracy theorist;anypos;hate
conspiracy theorists;anypos;hate
whore from Fife;anypos;hate
whore from Fifes;anypos;hate
boojie;anypos;hate
boojies;anypos;hate
book book;anypos;hate
book books;anypos;hate
cheese eating surrender monkey;anypos;hate
cheese eating surrender monkies;anypos;hate
idiot;anypos;hate
idiots;anypos;hate
jock;anypos;hate
jocks;anypos;hate
mack;anypos;hate
macks;anypos;hate
Merkin;anypos;hate
Merkins;anypos;hate
neche;anypos;hate
neches;anypos;hate
neejee;anypos;hate
neejees;anypos;hate
neechee;anypos;hate
neechees;anypos;hate
powderburn;anypos;hate
powderburns;anypos;hate
proddywhoddy;anypos;hate
proddywhoddies;anypos;hate
proddywoddy;anypos;hate
proddywoddies;anypos;hate
Rhine monkey;anypos;hate
Rhine monkies;anypos;hate
